{
  "project_info": {
    "project_number": "284373007835",
    "project_id": "shoppinglistx-6a021",
    "storage_bucket": "shoppinglistx-6a021.appspot.com"
  },
  "client": [
    {
      "client_info": {
        "mobilesdk_app_id": "1:284373007835:android:26cc5a55f574ffff663bfe",
        "android_client_info": {
          "package_name": "com.jovanovic.stefan.sqlitetutorial"
        }
      },
      "oauth_client": [
        {
          "client_id": "284373007835-dshs2m5ai199fm0oj0j755hdhd2eobp1.apps.googleusercontent.com",
          "client_type": 3
        }
      ],
      "api_key": [
        {
          "current_key": "AIzaSyA6XLgOxete5Iz7Mf97lI7fY-bpOHVNhvs"
        }
      ],
      "services": {
        "appinvite_service": {
          "other_platform_oauth_client": [
            {
              "client_id": "284373007835-dshs2m5ai199fm0oj0j755hdhd2eobp1.apps.googleusercontent.com",
              "client_type": 3
            }
          ]
        }
      }
    }
  ],
  "configuration_version": "1"
}